scenario,Total_EAD,Base_EL,Stressed_EL,EL_Increase_Amount,EL_Increase_Pct
adverse,164930233732.19,1923786053.37,2784684615.4,860898562.0300002,44.75022368115819
baseline,164930233732.19,1923786053.37,1735494216.49,-188291836.87999988,-9.787566374657873
covid_like,164930233732.19,1923786053.37,5121992221.87,3198206168.5,166.24541813771495
gfc_like,164930233732.19,1923786053.37,3466312916.81,1542526863.44,80.1818300292734
mild,164930233732.19,1923786053.37,2145251925.07,221465871.70000005,11.511980311534451
severe,164930233732.19,1923786053.37,3893764792.47,1969978739.1,102.4011342451039
