from_rating,AAA,AA,A,BBB,BB,B,CCC,D
AAA,0.8903508771929824,0.09429824561403509,0.008771929824561403,0.0021929824561403508,0.0,0.0021929824561403508,0.0,0.0021929824561403508
AA,0.009656004828002414,0.9028364514182257,0.07724803862401931,0.00724200362100181,0.0,0.0006035003017501509,0.0012070006035003018,0.0012070006035003018
A,0.0010542962572482868,0.022403795466526093,0.9037954665260939,0.05324196099103848,0.008697944122298365,0.0063257775434897206,0.0013178703215603585,0.0031628887717448603
BBB,0.00042238648363252375,0.0019007391763463568,0.06842661034846885,0.8608236536430834,0.04963041182682154,0.013305174234424498,0.0027455121436114043,0.0027455121436114043
BB,0.0003093102381688834,0.0018558614290133002,0.008042066192390968,0.08475100525827405,0.7865759356634705,0.09588617383235386,0.010825858335910918,0.011753789050417568
B,0.0,0.0003123048094940662,0.0009369144284821987,0.0037476577139287947,0.0665209244222361,0.834790755777639,0.03997501561524047,0.05371642723297939
CCC,0.001160092807424594,0.0,0.0,0.01160092807424594,0.02320185614849188,0.12296983758700696,0.6334106728538283,0.20765661252900233
D,0.0,0.0,0.0,0.0,0.0,0.0,0.0,1.0
